"0","morning<-str_c(hour(allCommitDatesTW),""時"",minute(allCommitDatesTW),""分"")"
"2","Warning message:
"
"2","In strsplit(code, ""\n"", fixed = TRUE) :"
"2","
 "
"2"," input string 1 is invalid in this locale
"
"0","morning0<-hm(morning)"
"0","p<-hm(""04:30"")"
"0","d<-hm(""06:30"")"
"0","logicWithinTimeFrame<- c(p<=morning0 & morning0<=d)"
"0","logicWithinTimeFrame"
"1"," [1]"
"1"," FALSE"
"1"," FALSE"
"1","  TRUE"
"1","  TRUE"
"1"," FALSE"
"1"," FALSE"
"1"," FALSE"
"1"," FALSE"
"1"," FALSE"
"1"," FALSE"
"1"," FALSE"
"1"," FALSE"
"1","  TRUE"
"1","
"
"1","[14]"
"1"," FALSE"
"1"," FALSE"
"1"," FALSE"
"1"," FALSE"
"1"," FALSE"
"1"," FALSE"
"1","  TRUE"
"1","  TRUE"
"1"," FALSE"
"1","  TRUE"
"1"," FALSE"
"1"," FALSE"
"1"," FALSE"
"1","
"
"1","[27]"
"1"," FALSE"
"1"," FALSE"
"1"," FALSE"
"1"," FALSE"
"1","
"
